damagearea,endday,endmonth,endyear,firecause,locbunji,locdong,locgungu,locmenu,locsi,startday,startdayofweek,startmonth,starttime,startyear
0.1,03,05,2023,쓰레기소각,산185-3,간파,연천,전곡,경기,03,수요일,05,14:09:00,2023
1.4,03,05,2023,농산부산물소각,산104,예밀,영월,김삿갓,강원,03,수요일,05,13:55:00,2023
3,03,05,2023,입산자실화,산30,토정,부여,홍산,충남,03,수요일,05,12:51:00,2023
2,03,05,2023,입산자실화,산1-1,명곶,양구,국토정중앙,강원,03,수요일,05,12:27:00,2023
0.1,02,05,2023,입산자실화,산47-1,장현,서산,지곡,충남,02,화요일,05,11:31:00,2023
1,04,05,2023,기타,산302,화암,정선,화암,강원,04,목요일,05,15:38:00,2023
0.02,04,05,2023,기타,산138,봉소,영동,학산,충북,04,목요일,05,15:16:00,2023
0.01,04,05,2023,입산자실화,산183-2,연산,연제,대산,부산,04,목요일,05,11:18:00,2023
0.01,27,04,2023,입산자실화,산12,신천,시흥,동향,경기,27,목요일,04,17:26:00,2023
0.03,27,04,2023,입산자실화,산45-12,기은,서산,입암,충남,27,목요일,04,14:17:00,2023
1,27,04,2023,기타,산86,신송,진안,거제,전북,27,목요일,04,11:40:00,2023
0.2,23,04,2023,기타,산27,교,영양,소초,경북,23,일요일,04,19:21:00,2023
0.01,23,04,2023,쓰레기소각,산47,소랑,거제,일산동,경남,23,일요일,04,10:24:00,2023
0.1,23,04,2023,입산자실화,산148,둔둔,원주,동강,강원,23,일요일,04,09:47:00,2023
0.16,01,03,2023,담뱃불실화,산20,사리현,고양,양남,경기,01,수요일,03,14:45:00,2023
0.3,01,03,2023,쓰레기소각,산243,곡천,나주,양보,전남,01,수요일,03,14:37:00,2023
0.3,01,03,2023,기타,산23-1,산서,경주,미양,경북,01,수요일,03,05:31:00,2023
0.1,02,03,2023,기타,산19-47,지례,하동,광덕,경남,02,목요일,03,21:48:00,2023
0.66,02,03,2023,농산부산물소각,산75-4,개정,안성,성수,경기,02,목요일,03,17:21:00,2023
0.1,02,03,2023,쓰레기소각,산14-1,대덕,천안 동남,개령,충남,02,목요일,03,16:18:00,2023
0.2,02,03,2023,입산자실화,산226,태평,임실,봉강,전북,02,목요일,03,15:20:00,2023
10,02,03,2023,기타,산5,동부,김천,청평,경북,02,목요일,03,15:18:00,2023
1,02,03,2023,입산자실화,산169,조령,광양,정남,전남,02,목요일,03,15:06:00,2023
1,02,03,2023,기타,산161-12,호명,가평,용,경기,02,목요일,03,13:42:00,2023
0.43,02,03,2023,쓰레기소각,산76외3필지,백,화성,완산,경기,02,목요일,03,12:52:00,2023
0.5,02,03,2023,기타,산1-2,월계,담양,미탄,전남,02,목요일,03,11:46:00,2023
0.02,02,03,2023,기타,산7-1,웅천,여수,봉평,전남,02,목요일,03,09:48:00,2023
0.3,02,03,2023,기타,산72,동호,광산,탄천,광주,02,목요일,03,09:27:00,2023
0.06,02,03,2023,기타,산44-1,인왕,경주,신북,경북,02,목요일,03,06:38:00,2023
0.02,02,03,2023,입산자실화,산141,효자,전주,율어,전북,02,목요일,03,04:18:00,2023
0.2,28,02,2023,건축물화재비화,산80,율치,평창,풍양,강원,28,화요일,02,20:09:00,2023
0.03,28,02,2023,기타,산80-1,진조,평창,은척,강원,28,화요일,02,19:27:00,2023
0.3,28,02,2023,쓰레기소각,103-2,남산,공주,왕궁,충남,28,화요일,02,17:11:00,2023
0.24,28,02,2023,농산부산물소각,산129,호암,문경,사매,경북,28,화요일,02,16:56:00,2023
0.1,28,02,2023,농산부산물소각,산27,문양,보성,비봉,전남,28,화요일,02,16:39:00,2023
37,01,03,2023,기타,산6-1,와룡,예천,화남,경북,28,화요일,02,15:46:00,2023
0.5,28,02,2023,농산부산물소각,산170,하흘,상주,금수,경북,28,화요일,02,15:40:00,2023
0.8,28,02,2023,농산부산물소각,산17-1,동촌,익산,안중,전북,28,화요일,02,15:25:00,2023
1,28,02,2023,농산부산물소각,산15,오신,남원,용주,전북,28,화요일,02,15:00:00,2023
1,28,02,2023,기타,산4,봉산,완주,옥산,전북,28,화요일,02,14:18:00,2023
51,28,02,2023,기타,산9,월곡,영천,백아,경북,28,화요일,02,14:17:00,2023
9.1,28,02,2023,쓰레기소각,466.0,영천,성주,원동,경북,28,화요일,02,12:36:00,2023
0.1,26,04,2023,기타,20-39,미곡,북,대곡,세종,26,수요일,04,11:20:00,2023
0.03,08,03,2023,기타,산7-1,조야,평택,남,대구,08,수요일,03,14:20:00,2023
0.15,08,03,2023,농산부산물소각,산5,삼정,합천,맹동,경기,08,수요일,03,14:09:00,2023
163,11,03,2023,입산자실화,산19-4,월평,부여,구산,경남,08,수요일,03,13:59:00,2023
2,08,03,2023,농산부산물소각,산26-1,홍연,화순,부산,충남,08,수요일,03,13:34:00,2023
2,08,03,2023,쓰레기소각,산10,송단,동,내산,전남,08,수요일,03,10:50:00,2023
0.3,08,03,2023,기타,산98,백안,양산,군남,대구,08,수요일,03,10:46:00,2023
0.06,24,04,2023,기타,산86,화제,진주,안면,경남,24,월요일,04,16:49:00,2023
0.05,24,04,2023,쓰레기소각,산58,대곡,군산,옥도,경남,24,월요일,04,13:34:00,2023
0.01,24,04,2023,입산자실화,산15-5,미룡,양주,성수,전북,24,월요일,04,10:01:00,2023
0.01,24,04,2023,건축물화재비화,171-10,경신,음성,간동,경기,24,월요일,04,08:39:00,2023
0.1,24,04,2023,기타,산41-1,두성,창원 마산합포,남성,충북,24,월요일,04,06:22:00,2023
0.45,23,04,2023,건축물화재비화,산33-1,수정,장흥,북도,경남,22,토요일,04,22:30:00,2023
0.01,22,04,2023,입산자실화,347-5,호계,부여,여산,전남,22,토요일,04,17:32:00,2023
0.33,22,04,2023,기타,산10-4,운치,연천,소원,충남,22,토요일,04,16:05:00,2023
0.1,22,04,2023,기타,산103,왕림,태안,공성,경기,22,토요일,04,15:15:00,2023
0.01,22,04,2023,입산자실화,307-7,중장,군산,적성,충남,22,토요일,04,10:33:00,2023
0.03,22,04,2023,기타,산1,어청도,진안,국토정중앙,전북,19,수요일,04,23:40:00,2023
0.5,22,03,2023,쓰레기소각,산226,좌포,화천,무풍,전북,22,수요일,03,19:47:00,2023
0.05,22,03,2023,기타,산41-3,오음,청주 상당,소양,강원,22,수요일,03,17:15:00,2023
0.5,22,03,2023,건축물화재비화,산23,귀래,옹진,백운,충북,22,수요일,03,16:00:00,2023
0.03,22,03,2023,기타,산21-2,신도,익산,주왕산,인천,22,수요일,03,15:42:00,2023
0.5,22,03,2023,기타,산62,두여,태안,유림,전북,22,수요일,03,14:31:00,2023
0.2,22,03,2023,기타,산267,신덕,상주,왕징,충남,22,수요일,03,12:41:00,2023
0.5,22,03,2023,입산자실화,산62,영오,단양,남한산성,경북,22,수요일,03,12:37:00,2023
1,22,03,2023,기타,산1-1,성곡,양구,두촌,충북,22,수요일,03,12:20:00,2023
0.5,22,03,2023,기타,산149,적,무주,안의,강원,22,수요일,03,12:16:00,2023
0.1,22,03,2023,입산자실화,산14-1,철목,완주,안강,전북,22,수요일,03,11:25:00,2023
0.2,22,03,2023,기타,산263,명덕,제천,양지,전북,22,수요일,03,11:07:00,2023
0.4,22,03,2023,담뱃불실화,산71,평동,청송,황전,충북,22,수요일,03,01:10:00,2023
0.5,20,04,2023,기타,산53-1,주산지,함양,강동,경북,20,목요일,04,14:50:00,2023
0.04,14,04,2023,기타,산68-8,옥매,연천,팔덕,경남,14,금요일,04,13:11:00,2023
0.05,31,03,2023,기타,산97-7,무등,광주,광산,경기,31,금요일,03,20:00:00,2023
0.01,31,03,2023,입산자실화,산70-3,하번천,홍천,외동,경기,31,금요일,03,16:47:00,2023
0.8,31,03,2023,기타,산134-133,천현,함양,별량,강원,31,금요일,03,15:45:00,2023
0.1,31,03,2023,건축물화재비화,산15,당본,원주,선남,경남,31,금요일,03,15:17:00,2023
1,31,03,2023,건축물화재비화,산38-2,봉산,경주,진부,강원,31,금요일,03,14:46:00,2023
0.22,31,03,2023,입산자실화,산62-9,옥산,용인 처인,화암,경북,31,금요일,03,14:33:00,2023
0.16,31,03,2023,쓰레기소각,803-9,주북,순천,미산,경기,31,금요일,03,13:15:00,2023
0.5,31,03,2023,담뱃불실화,산114-2,대치,경주,청풍,전남,31,금요일,03,12:29:00,2023
0.27,31,03,2023,기타,26.0,호명,순창,청성,경북,31,금요일,03,12:10:00,2023
0.1,31,03,2023,기타,산28-1,청계,부강,심천,전북,31,금요일,03,11:39:00,2023
0.01,31,03,2023,기타,산250,운곡,광산,한수,세종,31,금요일,03,09:50:00,2023
0.09,31,03,2023,기타,산34,오운,경주,용진,광주,31,금요일,03,00:39:00,2023
0.04,11,04,2023,기타,산82-29,문산,강릉,예산,경북,11,화요일,04,16:25:00,2023
119.92,15,04,2023,기타,산20-1,난곡,순천,청풍,강원,11,화요일,04,08:30:00,2023
16,20,03,2023,쓰레기소각,산137,금치,성주,북내,전남,18,토요일,03,21:31:00,2023
0.1,19,03,2023,기타,산43-1,관화,평창,용진,경북,18,토요일,03,16:56:00,2023
15,19,03,2023,기타,산40,신기,정선,기성,강원,18,토요일,03,16:38:00,2023
0.8,19,03,2023,농산부산물소각,산51,백전,보령,상북,강원,18,토요일,03,15:45:00,2023
2,18,03,2023,입산자실화,산18-2,남심,화순,철마,충남,18,토요일,03,15:17:00,2023
3,19,03,2023,입산자실화,산92-1,신,옥천,대산,전남,18,토요일,03,14:55:00,2023
0.3,18,03,2023,쓰레기소각,산58,조천,영동,운산,충북,18,토요일,03,14:34:00,2023
10,18,03,2023,기타,산53-1,금정,제천,산동,충북,18,토요일,03,14:08:00,2023
0.1,18,03,2023,입산자실화,산20-7,북노,완주,신지,충북,18,토요일,03,14:01:00,2023
3,18,03,2023,기타,산129-8,간중,예산,탄천,전북,18,토요일,03,13:34:00,2023
2,18,03,2023,담뱃불실화,산4-1,예산,제천,대합,충남,18,토요일,03,13:21:00,2023
0.2,18,03,2023,쓰레기소각,산27,오산,여주,무풍,충북,18,토요일,03,12:41:00,2023
0.07,18,03,2023,농산부산물소각,산19-1,지내,완주,남천,경기,18,토요일,03,12:15:00,2023
0.7,18,03,2023,기타,산67-1,운곡,울진,삼산,전북,18,토요일,03,11:47:00,2023
0.9,02,02,2023,기타,산151,정명,울주,목천,경북,01,수요일,02,22:32:00,2023
0.2,01,02,2023,입산자실화,산56,궁근전,기장,장계,울산,01,수요일,02,19:46:00,2023
0.03,01,02,2023,기타,산16,이곡,유성,마산,부산,01,수요일,02,18:07:00,2023
0.03,01,02,2023,입산자실화,산37-1,갑,연서,강천,대전,01,수요일,02,16:19:00,2023
0.04,01,02,2023,입산자실화,산33-1,부동,함안,용문,세종,01,수요일,02,15:57:00,2023
1.5,01,02,2023,쓰레기소각,산8,장암,서산,월등,경남,01,수요일,02,14:00:00,2023
0.6,05,03,2023,담뱃불실화,산5,안호,남동,영양,충남,05,일요일,03,19:18:00,2023
0.01,05,03,2023,기타,산61-12,장수,구례,신풍,인천,05,일요일,03,15:40:00,2023
0.05,05,03,2023,입산자실화,"산51,산52",수기,완도,태안,전남,05,일요일,03,14:50:00,2023
0.3,05,03,2023,쓰레기소각,산232-1,월양,공주,홍동,전남,05,일요일,03,14:13:00,2023
0.9,05,03,2023,쓰레기소각,산26,광명,창녕,충화,충남,05,일요일,03,13:33:00,2023
0.05,05,03,2023,기타,산32,주매,무주,임계,경남,05,일요일,03,12:46:00,2023
0.3,05,03,2023,담뱃불실화,산76-1,금평,경산,영중,전북,05,일요일,03,12:16:00,2023
3,05,03,2023,쓰레기소각,산121,산전,광산,장계,경북,05,일요일,03,12:16:00,2023
0.05,05,03,2023,기타,산151,내산,동,서원,광주,05,일요일,03,11:54:00,2023
0.15,05,03,2023,기타,산32-1,직,고성,덕양,대전,05,일요일,03,05:34:00,2023
0.05,10,01,2023,기타,산44,두포,천안 동남,이서,경남,10,화요일,01,13:55:00,2023
0.1,20,03,2023,기타,산130-1,도장,장수,가야,충남,20,월요일,03,14:50:00,2023
0.1,20,03,2023,담뱃불실화,산55-1,명덕,서천,광탄,전북,20,월요일,03,13:51:00,2023
12,20,03,2023,농산부산물소각,산46,요곡,여주,안의,충남,20,월요일,03,13:48:00,2023
0.01,03,03,2023,기타,산115-1,부평,전동,금산,경기,03,금요일,03,19:32:00,2023
0.26,03,03,2023,입산자실화,산44-6,청람,양평,산외,세종,03,금요일,03,18:06:00,2023
0.02,03,03,2023,쓰레기소각,산87-1,삼성,김해,금마,경기,03,금요일,03,17:25:00,2023
0.03,03,03,2023,기타,산2-3,어방,순천,대구,경남,03,금요일,03,14:16:00,2023
47,04,03,2023,농산부산물소각,산15,망용,영양,상하,전남,03,금요일,03,14:13:00,2023
40,04,03,2023,기타,산62,무창,공주,동송,경북,03,금요일,03,14:11:00,2023
2,03,03,2023,쓰레기소각,산62-1,봉갑,광산,세도,충남,03,금요일,03,14:02:00,2023
0.08,03,03,2023,기타,213-4,남산,태안,지정,광주,03,금요일,03,12:44:00,2023
0.1,03,03,2023,농산부산물소각,577-2,반곡,홍성,백학,충남,03,금요일,03,11:58:00,2023
0.03,03,03,2023,쓰레기소각,177-9,대원,부여,용암,충남,03,금요일,03,10:57:00,2023
0.09,03,03,2023,쓰레기소각,산100,가화,정선,금구,충남,03,금요일,03,10:41:00,2023
0.03,03,03,2023,건축물화재비화,산25,도전,당진,청라,강원,03,금요일,03,08:10:00,2023
0.1,03,03,2023,기타,산4-4,시곡,포천,성연,충남,03,금요일,03,00:16:00,2023
0.03,25,05,2023,담뱃불실화,산178-1,금주,장수,복수,경기,25,목요일,05,14:37:00,2023
0.05,25,05,2023,기타,산5-6,송천,횡성,청풍,전북,25,목요일,05,12:48:00,2023
0.8,23,05,2023,건축물화재비화,산182,창촌,의정부,옥천,강원,23,화요일,05,16:52:00,2023
0.02,23,05,2023,기타,산50,민락,고양,와부,경기,23,화요일,05,16:30:00,2023
0.1,23,05,2023,쓰레기소각,31079.0,용두,청도,소보,경기,23,화요일,05,14:43:00,2023
0.01,23,05,2023,기타,605-4,흥선,과천,군북,경북,23,화요일,05,13:39:00,2023
0.01,22,05,2023,기타,산58-2,막계,합천,대호지,경기,22,월요일,05,19:39:00,2023
0.01,12,05,2023,입산자실화,산25-1,죽전,연제,송라,경남,12,금요일,05,13:48:00,2023
0.01,12,05,2023,입산자실화,산183-1,연산,동두천,서부,부산,12,금요일,05,09:08:00,2023
0.1,02,04,2023,기타,산15-1,생연,파주,지평,경기,02,일요일,04,21:15:00,2023
0.16,02,04,2023,기타,산73,마장,동,송산,경기,02,일요일,04,19:45:00,2023
0.5,02,04,2023,기타,산50-6,판암,함양,목천,대전,02,일요일,04,18:24:00,2023
0.02,02,04,2023,기타,산15,당본,고흥,북,경남,02,일요일,04,17:19:00,2023
2,04,04,2023,기타,264-3,어전,정읍,해미,전남,02,일요일,04,16:15:00,2023
1.5,03,04,2023,기타,산89,화죽,홍성,산동,전북,02,일요일,04,16:07:00,2023
0.16,02,04,2023,기타,산10,월암,강진,대화,충남,02,일요일,04,15:52:00,2023
0.1,02,04,2023,기타,23-5,저두,고창,장평,전남,02,일요일,04,15:36:00,2023
4,03,04,2023,농산부산물소각,산74-9,송곡,철원,홍해,전북,02,일요일,04,15:29:00,2023
0.7,02,04,2023,기타,1097-2,오지,부여,노성,강원,02,일요일,04,15:24:00,2023
15,03,04,2023,담뱃불실화,산69-7,동사,원주,백암,충남,02,일요일,04,15:03:00,2023
1,02,04,2023,기타,산13-21,안창,연천,산외,강원,02,일요일,04,15:03:00,2023
1,02,04,2023,기타,산41,길현,성주,송광,경기,02,일요일,04,14:51:00,2023
0.5,02,04,2023,기타,산79-4,대봉,김제,석문,경북,02,일요일,04,14:47:00,2023
0.05,02,04,2023,담뱃불실화,산12,청운,시흥,미원,전북,02,일요일,04,14:45:00,2023
0.03,02,04,2023,기타,산19,거모,보령,흥천,경기,02,일요일,04,14:10:00,2023
70,03,04,2023,농산부산물소각,377.0,내현,서산,옹동,충남,02,일요일,04,13:46:00,2023
4,02,04,2023,쓰레기소각,569-16,일람,금산,백령,충남,02,일요일,04,13:11:00,2023
889.36,04,04,2023,입산자실화,산24-3,신대,제천,안양,충남,02,일요일,04,12:24:00,2023
0.2,02,04,2023,기타,산13-38,도화,양평,북하,충북,02,일요일,04,12:10:00,2023
1.5,02,04,2023,기타,산247-1,신복,남양주,남일,경기,02,일요일,04,12:10:00,2023
3.86,02,04,2023,기타,산100-8,율석,종로,원동,경기,02,일요일,04,11:56:00,2023
6,04,04,2023,기타,362-7,부암,군위,전곡,서울,02,일요일,04,11:53:00,2023
35,03,04,2023,기타,산5,보현,옥천,사내,경북,02,일요일,04,11:48:00,2023
25,03,04,2023,기타,산6외43필지,이평,당진,한림,충북,02,일요일,04,11:23:00,2023
68,02,04,2023,기타,산166,사성,포항 북,한반도,충남,02,일요일,04,11:19:00,2023
0.1,02,04,2023,기타,산110,중산,홍성,이안,경북,02,일요일,04,11:14:00,2023
1454,04,04,2023,담뱃불실화,538.0,중,양평,가북,충남,02,일요일,04,11:00:00,2023
3,02,04,2023,기타,산133외3필지,망미,화성,양서,경기,02,일요일,04,11:00:00,2023
0.19,02,04,2023,쓰레기소각,20.0,마산,천안,봉산,경기,02,일요일,04,10:05:00,2023
1.1,02,04,2023,기타,325-3,송전,천안 동남,중등,충남,02,일요일,04,09:56:00,2023
1.2,02,04,2023,기타,산105-1,명덕,서산,성수,충남,02,일요일,04,09:50:00,2023
0.5,02,04,2023,입산자실화,산6,산수,남원,함라,충남,02,일요일,04,08:47:00,2023
0.3,02,04,2023,기타,산116,대상,화성,조도,전북,02,일요일,04,05:44:00,2023
0.13,18,05,2023,기타,산84-1,중,평창,백암,경기,17,수요일,05,21:42:00,2023
0.02,17,05,2023,입산자실화,264-2,용포,당진,의창,세종,17,수요일,05,16:35:00,2023
0.3,17,05,2023,기타,산554,대화,청양,용주,강원,17,수요일,05,11:10:00,2023
0.5,17,05,2023,기타,146,원당,포항 북,성산,충남,17,수요일,05,10:44:00,2023
0.03,16,05,2023,입산자실화,10-2,적곡,논산,원동,충남,16,화요일,05,14:35:00,2023
0.1,16,05,2023,기타,산314,대련,용인 처인,장안,경북,16,화요일,05,13:44:00,2023
0.13,17,05,2023,기타,산1-5,원성,보은,금서,세종,16,화요일,05,13:39:00,2023
0.1,09,03,2023,기타,산5-1,교촌,순천,웅촌,충남,09,목요일,03,15:57:00,2023
0.06,09,03,2023,기타,산116,백봉,당진,성산,경기,09,목요일,03,12:38:00,2023
1,09,03,2023,쓰레기소각,산14,중티,청주 상당,주산,충북,09,목요일,03,10:16:00,2023
0.1,09,03,2023,건축물화재비화,산1-1,신평,여주,초평,전남,09,목요일,03,08:32:00,2023
0.15,09,03,2023,기타,861-3,교로,정읍,개군,충남,09,목요일,03,00:17:00,2023
0.8,28,04,2023,입산자실화,산30,월용,옹진,창선,충북,28,금요일,04,15:16:00,2023
0.03,28,04,2023,기타,산78-1,복대,장흥,청통,경기,28,금요일,04,14:38:00,2023
0.3,28,04,2023,쓰레기소각,산69,산성,장성,백운,전북,28,금요일,04,11:55:00,2023
0.16,12,04,2023,기타,산191-4,가을,과천,회천,인천,12,수요일,04,16:39:00,2023
0.1,12,04,2023,입산자실화,산30-1,수문,금산,일산동,전남,12,수요일,04,13:50:00,2023
0.1,12,04,2023,기타,산11,대악,양산,비인,전남,12,수요일,04,13:45:00,2023
0.01,12,04,2023,기타,산11,중앙,연천,손불,경기,12,수요일,04,12:46:00,2023
0.01,12,04,2023,기타,691-2,신동,화천,남양,충남,12,수요일,04,11:02:00,2023
0.3,12,04,2023,기타,산30외2,원,김해,회천,경남,12,수요일,04,05:31:00,2023
0.01,10,05,2023,기타,322-1,간파,영월,목천,경기,10,수요일,05,16:12:00,2023
0.1,10,05,2023,기타,산38,사창,상주,일직,강원,10,수요일,05,12:01:00,2023
0.1,13,01,2023,기타,산190-4,금곡,거창,남송,경남,13,금요일,01,02:16:00,2023
0.2,03,05,2023,기타,산123-13,쌍용,하남,신동,강원,03,수요일,05,16:28:00,2023
0.01,07,02,2023,기타,산107,아천,양평,웅천,경북,07,화요일,02,15:09:00,2023
0.02,07,02,2023,건축물화재비화,산154,우혜,합천,덕산,경남,07,화요일,02,14:20:00,2023
0.01,07,02,2023,기타,산64-15,감북,상주,두서,경기,07,화요일,02,13:33:00,2023
0.01,07,02,2023,기타,산87,신원,임실,서하,경기,07,화요일,02,09:34:00,2023
0.3,07,02,2023,기타,산132,양지,익산,호계,경남,06,월요일,02,22:16:00,2023
0.03,06,02,2023,기타,산73,회상,진도,영동,경북,06,월요일,02,18:23:00,2023
0.3,06,02,2023,쓰레기소각,산70,성수,연기,향남,전북,06,월요일,02,13:50:00,2023
0.1,06,02,2023,기타,산43-4,신목,용인 처인,동남,전북,06,월요일,02,13:02:00,2023
0.1,06,02,2023,농산부산물소각,산171,신옥,창원,남이,전남,06,월요일,02,11:59:00,2023
0.03,15,02,2023,기타,산54-1,눌왕,합천,양지,세종,15,수요일,02,15:50:00,2023
0.1,15,02,2023,기타,238-1,박곡,광산,평은,경기,15,수요일,02,15:00:00,2023
0.03,15,02,2023,기타,산18-4,지귀,강릉,초월,경남,15,수요일,02,04:01:00,2023
0.1,09,01,2023,기타,산53-4,방곡,순천,선장,경남,09,월요일,01,19:41:00,2023
0.06,09,01,2023,기타,산176-1,광산,양산,김삿갓,광주,09,월요일,01,18:05:00,2023
0.06,09,01,2023,쓰레기소각,산463-3,위촌,기장,송광,강원,09,월요일,01,13:39:00,2023
0.6,29,01,2023,농산부산물소각,산11,대대,산청,대동,전남,29,일요일,01,12:16:00,2023
0.1,29,01,2023,쓰레기소각,산226-2,용당,울주,와부,경남,29,일요일,01,10:58:00,2023
0.15,24,01,2023,기타,368-1,월내,창원,창수,부산,24,화요일,01,12:53:00,2023
0.01,24,01,2023,입산자실화,산15-5,지막,보령,덕진,경남,24,화요일,01,06:05:00,2023
0.01,22,01,2023,기타,313-2,초천,진천,기산,울산,22,일요일,01,13:35:00,2023
0.01,22,01,2023,기타,626-1,양곡,양평,곤지암,경남,22,일요일,01,11:07:00,2023
0.05,19,03,2023,농산부산물소각,산90-1,야룡,남해,무안,충남,19,일요일,03,18:26:00,2023
0.1,19,03,2023,입산자실화,산30-26,용정,영천,백석,충북,19,일요일,03,18:00:00,2023
0.05,19,03,2023,담뱃불실화,산9,부대,제천,거제,경기,19,일요일,03,16:08:00,2023
0.3,19,03,2023,농산부산물소각,산142-2,가인,보성,부리,경남,19,일요일,03,14:54:00,2023
1.5,19,03,2023,건축물화재비화,산32-1,죽정,고양,가남,경북,19,일요일,03,14:40:00,2023
0.1,19,03,2023,담뱃불실화,산11,화당,서천,대강,충북,19,일요일,03,12:10:00,2023
0.1,19,03,2023,입산자실화,703-4,봉강,함평,청성,전남,19,일요일,03,05:50:00,2023
0.03,04,04,2023,건축물화재비화,산48,사리현,화성,영귀미,경기,04,화요일,04,19:44:00,2023
0.22,04,04,2023,담뱃불실화,산102,율,보성,파주,충남,04,화요일,04,15:17:00,2023
0.5,04,04,2023,입산자실화,산124-1,학산,천안,탄부,전남,04,화요일,04,14:20:00,2023
0.09,04,04,2023,기타,산149,남양,안동,개포,경기,04,화요일,04,11:51:00,2023
0.1,04,04,2023,입산자실화,산84,전일,광주,소천,전남,04,화요일,04,10:50:00,2023
1,04,04,2023,기타,산31,지산,정선,이양,충남,04,화요일,04,05:45:00,2023
1.2,17,04,2023,기타,산172,평팔,달서,사등,경북,17,월요일,04,11:56:00,2023
0.03,16,04,2023,기타,산89-5,귀여,구리,만안,경기,16,일요일,04,14:45:00,2023
0.01,16,04,2023,기타,산127,예미,보령,옥종,강원,16,일요일,04,13:54:00,2023
0.01,16,04,2023,기타,산206-1,성당,제천,병곡,대구,16,일요일,04,12:22:00,2023
0.11,14,04,2023,담뱃불실화,산49-1,아천,울주,별내,경기,13,목요일,04,22:17:00,2023
0.3,13,04,2023,입산자실화,산46-3,황교,함양,입암,충남,13,목요일,04,19:05:00,2023
0.01,13,04,2023,기타,산37-1,신현,문경,낭성,충북,13,목요일,04,14:09:00,2023
0.2,13,04,2023,입산자실화,산164,차,영동,공성,울산,13,목요일,04,13:59:00,2023
0.03,13,04,2023,기타,산129-1,황산,화성,군내,경남,13,목요일,04,13:43:00,2023
2,13,04,2023,농산부산물소각,산15,지천,천안,서천,경북,13,목요일,04,13:21:00,2023
0.01,13,04,2023,담뱃불실화,산31,가,금산,차황,충북,13,목요일,04,10:22:00,2023
0.13,10,04,2023,기타,46.0,수직,용인 처인,지천,경기,10,월요일,04,14:10:00,2023
0.5,04,04,2023,기타,344-94,용곡,영주,면천,충남,03,월요일,04,21:39:00,2023
2.5,04,04,2023,기타,산106,역평,광주,비봉,충남,03,월요일,04,17:20:00,2023
0.66,03,04,2023,기타,산95-1,주북,아산,봉양,경기,03,월요일,04,14:47:00,2023
210,04,04,2023,기타,산40,오운,영월,동,경북,03,월요일,04,14:19:00,2023
0.8,04,04,2023,기타,산8,학동,순천,충화,경기,03,월요일,04,14:15:00,2023
0.07,03,04,2023,기타,261-29,선창,함평,임동,충남,03,월요일,04,13:33:00,2023
0.5,03,04,2023,기타,산164-2,예밀,남양주,남지,강원,03,월요일,04,13:07:00,2023
190,04,04,2023,기타,산179-3,봉산,포천,복수,전남,03,월요일,04,13:02:00,2023
475,04,04,2023,쓰레기소각,496-2,연암,전주,현내,전남,03,월요일,04,12:19:00,2023
27,04,04,2023,기타,산160,팔당,양주,칠원,경기,03,월요일,04,12:18:00,2023
1.6,03,04,2023,기타,621.0,주원,서천,웅포,경기,03,월요일,04,05:47:00,2023
0.03,01,04,2023,입산자실화,산80-1,우아1가,광주,함창,전북,01,토요일,04,18:50:00,2023
0.01,01,04,2023,담뱃불실화,산31-1,남방,연제,구룡포,경기,01,토요일,04,18:25:00,2023
0.1,01,04,2023,농산부산물소각,산12-1,가공,밀양,홍동,충남,01,토요일,04,17:37:00,2023
0.06,01,04,2023,기타,산131,부항,하남,함양,경기,01,토요일,04,17:01:00,2023
0.01,16,03,2023,담뱃불실화,산182-1,연산,양주,내가,부산,16,목요일,03,12:02:00,2023
0.2,16,03,2023,기타,산39,옹동,거제,부리,경남,16,목요일,03,11:29:00,2023
0.2,16,03,2023,건축물화재비화,"산54-5,282-6",상사창,금산,은산,경기,15,수요일,03,22:20:00,2023
0.01,14,03,2023,기타,산4-14,방성,여주,대곡,경기,14,화요일,03,16:10:00,2023
0.04,14,03,2023,입산자실화,산36-1,내간,남원,은풍,경남,14,화요일,03,14:49:00,2023
3,14,03,2023,기타,895-1,평촌,옥천,세도,충남,14,화요일,03,14:36:00,2023
1.93,14,03,2023,기타,526-13,태평,홍천,상사,경기,14,화요일,03,13:58:00,2023
0.3,14,03,2023,기타,산155,사석,파주,송산,전북,14,화요일,03,13:54:00,2023
0.06,14,03,2023,기타,산29,소서,보은,북상,충북,14,화요일,03,13:41:00,2023
0.16,14,03,2023,기타,50-13,삼현,예천,점동,강원,14,화요일,03,13:37:00,2023
0.03,14,03,2023,기타,산52-1,봉서,봉화,일직,경기,14,화요일,03,13:30:00,2023
0.01,14,03,2023,기타,산17,상장,화순,칠량,충북,14,화요일,03,12:44:00,2023
0.1,14,03,2023,농산부산물소각,산15,장송,거제,정관,경북,14,화요일,03,12:30:00,2023
1,13,03,2023,기타,산51-1,남회룡,안양,온정,경북,13,월요일,03,20:07:00,2023
0.03,13,03,2023,입산자실화,산10,목곡,하동,의당,전남,13,월요일,03,09:33:00,2023
0.01,13,03,2023,기타,산87-1,오량,함양,유곡,경남,13,월요일,03,06:59:00,2023
0.01,12,03,2023,담뱃불실화,산11-1,석수,남양주,명호,경기,12,일요일,03,14:39:00,2023
0.5,12,03,2023,기타,산78,위태,정읍,노곡,경남,12,일요일,03,03:56:00,2023
0.01,10,03,2023,기타,산153-7,원산,청주 상당,월룡,경남,10,금요일,03,15:57:00,2023
0.27,10,03,2023,농산부산물소각,산26-23,용암,상주,도계,경기,10,금요일,03,14:58:00,2023
1,10,03,2023,입산자실화,56-2,봉양,포천,문의,전북,10,금요일,03,13:05:00,2023
1,10,03,2023,농산부산물소각,산55-1,추정,북,문경,충북,10,금요일,03,13:04:00,2023
0.5,10,03,2023,담뱃불실화,산35,봉산,서천,비봉,경북,10,금요일,03,12:10:00,2023
0.01,07,03,2023,담뱃불실화,541,하성북,금정,소보,경기,07,화요일,03,18:53:00,2023
0.03,07,03,2023,기타,산87-4,노곡,산청,임동,대구,07,화요일,03,18:28:00,2023
0.06,07,03,2023,농산부산물소각,산21-3,태월,칠곡,양평,충남,07,화요일,03,17:04:00,2023
0.01,07,03,2023,입산자실화,산157-2,오륜,수성,덕양,부산,07,화요일,03,15:53:00,2023
1,07,03,2023,기타,산47,장박,당진,진상,경남,07,화요일,03,15:47:00,2023
0.03,07,03,2023,입산자실화,산49,용산,완주,서종,경북,07,화요일,03,14:11:00,2023
0.5,07,03,2023,쓰레기소각,산35,지산,동,가양곡,대구,07,화요일,03,13:45:00,2023
7,07,03,2023,농산부산물소각,730-4,율사,남,소양,충남,07,화요일,03,12:35:00,2023
0.1,04,03,2023,입산자실화,산67-1,이전,제천,원동,전북,04,토요일,03,18:53:00,2023
0.01,04,03,2023,기타,산122-2,지산,화순,백전,광주,04,토요일,03,18:29:00,2023
4,05,03,2023,기타,산306,대명,부여,문평,대구,04,토요일,03,18:09:00,2023
0.2,04,03,2023,쓰레기소각,산39-1,학산,서,진영,충북,04,토요일,03,14:15:00,2023
0.5,04,03,2023,쓰레기소각,산6,대포,안동,팔덕,전남,04,토요일,03,13:40:00,2023
0.3,04,03,2023,기타,산87-1,현미,보령,초월,충남,04,토요일,03,13:00:00,2023
0.01,04,03,2023,기타,산35,용촌,창녕,기계,대전,04,토요일,03,10:50:00,2023
0.3,27,02,2023,기타,산68,망천,금산,일광,경북,27,월요일,02,18:42:00,2023
0.01,27,02,2023,기타,152.0,명천,고성,강천,충남,27,월요일,02,18:03:00,2023
8,28,02,2023,기타,산22,반포,함안,청운,경남,27,월요일,02,17:01:00,2023
1.7,27,02,2023,기타,산41-13,수영,익산,온양,충남,27,월요일,02,15:08:00,2023
0.1,27,02,2023,기타,산33-1,죽정,상주,구룡포,강원,27,월요일,02,13:00:00,2023
0.15,27,02,2023,농산부산물소각,산101,오곡,포항,고령,경남,27,월요일,02,12:35:00,2023
0.3,27,02,2023,건축물화재비화,125-1,제성,홍성,금사,전북,27,월요일,02,12:26:00,2023
0.2,27,02,2023,기타,산90,신덕,함양,함양,경북,27,월요일,02,11:50:00,2023
0.1,27,02,2023,기타,산16-2,병포,강화,도화,경북,27,월요일,02,11:37:00,2023
0.01,27,02,2023,쓰레기소각,401-2,원천,금산,적상,충남,27,월요일,02,10:34:00,2023
0.1,26,02,2023,입산자실화,산14,난평,부여,연초,경남,25,토요일,02,23:26:00,2023
0.02,25,02,2023,쓰레기소각,산214,오상,진주,만안,인천,25,토요일,02,18:34:00,2023
1,25,02,2023,기타,산9,방우,예천,학교,충남,25,토요일,02,18:00:00,2023
1,25,02,2023,기타,산6,합수,부여,옥성,충남,25,토요일,02,15:36:00,2023
0.5,25,02,2023,농산부산물소각,산122-3,유곡,순천,가천,경남,25,토요일,02,14:26:00,2023
0.1,25,02,2023,기타,산36,동사,화성,미로,경북,25,토요일,02,13:52:00,2023
0.5,25,02,2023,쓰레기소각,"산44-3,산44-9",귀덕,거창,산양,충남,25,토요일,02,13:22:00,2023
0.1,25,02,2023,담뱃불실화,산208-5,쌍지,여주,기장,전남,25,토요일,02,13:01:00,2023
0.09,25,02,2023,기타,산59-1,독지,안동,달산,경기,25,토요일,02,12:52:00,2023
0.05,25,02,2023,쓰레기소각,산160,갈계,서,감천,경남,25,토요일,02,12:40:00,2023
0.6,25,02,2023,농산부산물소각,101-1,사곡,강진,자월,경기,25,토요일,02,12:39:00,2023
0.3,25,02,2023,쓰레기소각,산48-1,명진,기장,용궁,경북,25,토요일,02,10:47:00,2023
0.01,24,02,2023,입산자실화,산56,장안,울진,희천,대전,24,금요일,02,17:47:00,2023
0.05,24,02,2023,기타,산48,명주,공주,남천,전남,24,금요일,02,14:29:00,2023
3,24,02,2023,기타,산106-8,빙산,의령,상북,부산,24,금요일,02,14:20:00,2023
0.06,24,02,2023,기타,산140,덕인,봉화,대창,경북,24,금요일,02,13:14:00,2023
0.1,23,02,2023,기타,224-1,청룡,북,강구,충남,23,목요일,02,20:07:00,2023
0.5,23,02,2023,농산부산물소각,산21,오목,삼척,생비량,경남,23,목요일,02,16:18:00,2023
0.2,23,02,2023,입산자실화,산81,북곡,파주,청량,경북,23,목요일,02,15:33:00,2023
0.03,23,02,2023,기타,산160-1,시례,삼척,하일,울산,23,목요일,02,13:22:00,2023
0.2,23,02,2023,건축물화재비화,산30,중마읍,청주 상당,대가,강원,23,목요일,02,12:14:00,2023
0.1,22,02,2023,기타,269-9,도내,문경,왕산,경기,22,수요일,02,14:52:00,2023
0.1,22,02,2023,기타,328-13,늑구,시흥,미조,강원,22,수요일,02,12:26:00,2023
2.1,22,02,2023,농산부산물소각,산6,문덕,종로,선남,충북,22,수요일,02,11:53:00,2023
0.5,21,02,2023,기타,산83,중평,화성,서하,경북,21,화요일,02,12:38:00,2023
0.07,21,02,2023,쓰레기소각,산113-1,조남,군위,마산,경기,21,화요일,02,11:36:00,2023
0.01,20,02,2023,담뱃불실화,산3-1,구기,안동,죽왕,서울,20,월요일,02,13:26:00,2023
0.3,20,02,2023,쓰레기소각,산61-7,자안,양평,금천,경기,20,월요일,02,12:40:00,2023
0.1,20,02,2023,담뱃불실화,산167-1,내의,고양,송지,경북,20,월요일,02,11:29:00,2023
1,19,02,2023,기타,산99,사월,연서,근덕,경북,19,일요일,02,19:14:00,2023
0.12,19,02,2023,기타,산86,오빈,광양,웅촌,경기,19,일요일,02,17:13:00,2023
0.06,17,02,2023,기타,665-8,행신,시흥,상북,경기,17,금요일,02,14:04:00,2023
0.5,17,02,2023,농산부산물소각,산22,고복,양평,원동,세종,17,금요일,02,11:36:00,2023
0.1,17,02,2023,건축물화재비화,산293,어치,하남,오창,전남,17,금요일,02,05:59:00,2023
0.03,14,02,2023,건축물화재비화,산32,포,논산,병곡,경기,14,화요일,02,14:18:00,2023
0.06,12,02,2023,건축물화재비화,산63,정배,완주,두원,경기,12,일요일,02,22:38:00,2023
0.01,10,02,2023,쓰레기소각,산41-1,초이,진주,계곡,경기,10,금요일,02,12:04:00,2023
0.01,09,02,2023,담뱃불실화,산1-4,함적,양산,유림,충남,09,목요일,02,19:40:00,2023
0.4,09,02,2023,기타,산38,화심,함양,창선,전북,09,목요일,02,12:57:00,2023
0.01,05,02,2023,기타,산16-4,망경,나주,주문진,경남,05,일요일,02,20:16:00,2023
0.02,05,02,2023,기타,산12,용당,김해,거진,경남,05,일요일,02,20:11:00,2023
0.01,05,02,2023,쓰레기소각,산84,운산,순창,원삼,경남,05,일요일,02,18:37:00,2023
0.2,05,02,2023,쓰레기소각,산62,계로,광주,휴천,전남,05,일요일,02,15:20:00,2023
0.1,05,02,2023,기타,산8-3,죽곡,포항 북,법원,경남,05,일요일,02,15:00:00,2023
0.2,05,02,2023,건축물화재비화,산22-8,구룡,순천,개군,전북,05,일요일,02,14:29:00,2023
0.03,05,02,2023,기타,산22-1,신월,기장,상북,경기,05,일요일,02,14:23:00,2023
0.1,04,02,2023,기타,산82,봉계,여주,화양,경북,04,토요일,02,18:20:00,2023
0.1,04,02,2023,기타,914.0,인월,양평,용평,전남,04,토요일,02,11:51:00,2023
0.5,04,02,2023,담뱃불실화,산256-1,용천,동해,삼남,부산,04,토요일,02,10:54:00,2023
0.95,04,02,2023,기타,산10-3,강천,울주,현북,경기,03,금요일,02,17:26:00,2023
0.2,03,02,2023,기타,산33,다대,금정,장흥,경기,03,금요일,02,15:29:00,2023
0.02,31,01,2023,기타,산33,심곡,포항 남,운주,강원,31,화요일,01,11:41:00,2023
0.02,30,01,2023,기타,901.0,고산,영천,동,울산,30,월요일,01,15:18:00,2023
0.01,28,01,2023,기타,산59-1,두구,사하,와부,부산,28,토요일,01,18:28:00,2023
0.1,28,01,2023,기타,산6-1,늘태,여주,양동,경북,28,토요일,01,10:19:00,2023
0.5,27,01,2023,기타,산15-5,대의,함양,용문,경북,27,금요일,01,14:27:00,2023
0.01,26,01,2023,기타,산37-1,괴정,고흥,팔탄,부산,26,목요일,01,17:53:00,2023
0.12,25,01,2023,쓰레기소각,산38,도곡,무주,삼동,경기,25,수요일,01,16:13:00,2023
0.06,23,01,2023,건축물화재비화,산64,이은,거제,동로,경남,23,월요일,01,12:35:00,2023
0.8,22,01,2023,기타,산161,구암,원주,칠곡,전남,21,토요일,01,15:57:00,2023
0.3,21,01,2023,기타,산18-4,방이,안양,판교,전북,21,토요일,01,13:25:00,2023
0.03,21,01,2023,농산부산물소각,산48,연사,함평,봉수,경남,21,토요일,01,13:19:00,2023
0.01,21,01,2023,기타,산6-9,우산,구미,강동,강원,21,토요일,01,13:00:00,2023
0.01,12,01,2023,입산자실화,산11-2,석수,성주,청송,경기,12,목요일,01,17:14:00,2023
0.7,12,01,2023,농산부산물소각,산83-4,금송,삼척,주교,전남,12,목요일,01,13:56:00,2023
0.45,12,01,2023,입산자실화,산12-1,대원,강서,금산,경북,12,목요일,01,13:43:00,2023
9.51,13,01,2023,기타,산42-3,금봉,문경,마암,경북,12,목요일,01,12:47:00,2023
0.1,11,01,2023,기타,산138,하거노,기장,일반성,강원,11,수요일,01,11:45:00,2023
0.5,08,01,2023,기타,산16,녹산,영덕,금일,부산,08,일요일,01,04:35:00,2023
0.03,05,01,2023,기타,산22-1,과곡,금정,서생,경북,05,목요일,01,04:37:00,2023
0.02,04,01,2023,기타,245-6,대변,예천,동부,부산,04,수요일,01,16:36:00,2023
0.1,03,01,2023,기타,산60,봉산,옹진,청기,경북,03,화요일,01,13:08:00,2023
0.05,03,01,2023,기타,857-20,남산,예천,와룡,부산,03,화요일,01,08:53:00,2023
0.05,02,01,2023,기타,산44,현내,보성,우보,경북,02,월요일,01,14:30:00,2023
0.33,02,01,2023,기타,296-8,이작,경산,기장,인천,02,월요일,01,11:33:00,2023
0.09,01,01,2023,기타,산56-4,대은,울주,신등,경북,01,일요일,01,13:57:00,2023
0.02,31,12,2022,담뱃불실화,산81-2,천포,영천,유림,전남,31,토요일,12,18:28:00,2022
0.01,30,12,2022,입산자실화,산47-5,삼성,영덕,압해,경북,30,금요일,12,07:08:00,2022
0.2,30,12,2022,담뱃불실화,산219-5,덕현,강서,길안,울산,30,금요일,12,02:04:00,2022
1.3,30,12,2022,건축물화재비화,"산2-45,산55",용호,북,별내,경북,30,금요일,12,00:03:00,2022
0.1,29,12,2022,기타,산19,소월,산청,화현,경북,29,목요일,12,14:58:00,2022
2,29,12,2022,입산자실화,산25,녹산,울주,다시,부산,29,목요일,12,14:19:00,2022
0.2,28,12,2022,농산부산물소각,산145,가대,고성,대덕,울산,28,수요일,12,12:15:00,2022
0.06,27,12,2022,건축물화재비화,산76-1,제보,고성,단월,경남,27,화요일,12,15:35:00,2022
0.02,26,12,2022,기타,산108-1,용암,강릉,감천,울산,26,월요일,12,17:48:00,2022
0.05,26,12,2022,건축물화재비화,산123,수양,남해,흑산,경남,26,월요일,12,14:12:00,2022
0.06,26,12,2022,건축물화재비화,산197,연지,성주,가회,경남,26,월요일,12,05:55:00,2022
0.03,25,12,2022,건축물화재비화,산212,왕산,함양,장목,강원,25,일요일,12,21:07:00,2022
0.1,24,12,2022,입산자실화,산213-16,송정,구례,임계,경남,24,토요일,12,15:14:00,2022
0.16,20,12,2022,입산자실화,"산20,산21",용신,고성,창녕,경북,20,화요일,12,15:51:00,2022
0.03,19,12,2022,입산자실화,산88-1,황산,청도,축산,경남,19,월요일,12,09:44:00,2022
0.01,19,12,2022,입산자실화,산20-1,황전,진주,서,전남,19,월요일,12,07:42:00,2022
0.3,18,12,2022,건축물화재비화,산34,구성,삼척,상북,강원,17,토요일,12,21:04:00,2022
0.06,16,12,2022,기타,산31-1,동곡,북,삼남,경북,16,금요일,12,11:49:00,2022
0.01,15,12,2022,입산자실화,산113-1,가좌,울주,하빈,경남,15,목요일,12,18:51:00,2022
0.05,15,12,2022,입산자실화,288-3,송호,울주,남평,전남,15,목요일,12,15:10:00,2022
3,14,12,2022,기타,산526-1,동막,양산,원덕,강원,14,수요일,12,04:49:00,2022
0.01,13,12,2022,입산자실화,산20-1,동변,청주 청원,서,대구,13,화요일,12,13:14:00,2022
0.02,10,12,2022,기타,산26-5,대복,함양,산청,울산,10,토요일,12,10:51:00,2022
0.02,08,12,2022,입산자실화,산165-3,덕현,고흥,주암,울산,08,목요일,12,19:05:00,2022
0.2,08,12,2022,입산자실화,산12,용당,해남,부항,경남,08,목요일,12,18:24:00,2022
0.02,08,12,2022,입산자실화,산17-2,일신,함양,소초,충북,08,목요일,12,16:44:00,2022
0.01,07,12,2022,건축물화재비화,산125-4,원산,남해,현산,경남,07,수요일,12,21:52:00,2022
0.05,07,12,2022,입산자실화,산135-2,학곡,강릉,왕궁,전남,07,수요일,12,16:08:00,2022
0.1,06,12,2022,입산자실화,산59-1,가학,고성,두촌,전남,06,화요일,12,14:15:00,2022
0.01,06,12,2022,기타,산119-1,유평,용인 처인,금일,경남,06,화요일,12,13:01:00,2022
0.1,05,12,2022,입산자실화,914-21,대벽,수성,보절,경남,05,월요일,12,18:59:00,2022
0.02,05,12,2022,기타,산216,향호,함양,충화,강원,05,월요일,12,13:32:00,2022
0.9,04,12,2022,기타,산40-8,송강,파주,안내,강원,04,일요일,12,21:03:00,2022
0.13,04,12,2022,건축물화재비화,137-2,학일,양평,청양,경기,04,일요일,12,19:26:00,2022
0.1,02,12,2022,쓰레기소각,산22,지산,서,옥천,대구,02,금요일,12,14:12:00,2022
0.01,02,12,2022,건축물화재비화,산117-9,호산,울주,사북,경남,02,금요일,12,13:43:00,2022
0.06,01,12,2022,기타,522.0,삼방,여수,양감,경기,01,목요일,12,14:42:00,2022
0.06,30,11,2022,기타,산41-1,향,장군,삼장,경기,30,수요일,11,14:39:00,2022
0.3,28,11,2022,기타,산2-1,서대신,평창,청일,부산,28,월요일,11,12:43:00,2022
0.1,27,11,2022,입산자실화,산84-1,양동,울주,매송,울산,27,일요일,11,18:58:00,2022
0.05,27,11,2022,기타,산180,이천,양양,연천,전남,27,일요일,11,12:43:00,2022
0.03,27,11,2022,담뱃불실화,산1-1,대교,영도,진부,세종,27,일요일,11,12:00:00,2022
0.04,27,11,2022,쓰레기소각,산210,속사,양주,영북,강원,27,일요일,11,11:44:00,2022
0.01,27,11,2022,입산자실화,산66,교동,강릉,웅양,울산,27,일요일,11,11:43:00,2022
0.01,27,11,2022,기타,산59-12,어성전,완주,봉양,강원,27,일요일,11,10:50:00,2022
0.06,27,11,2022,담뱃불실화,산29-1,동상,천안 동남,화천,부산,27,일요일,11,05:25:00,2022
0.01,26,11,2022,입산자실화,산66-5,울대,남양주,연곡,경기,26,토요일,11,11:50:00,2022
1,26,11,2022,기타,산188-2외7,대전,양평,산내,강원,25,금요일,11,23:43:00,2022
3,28,11,2022,기타,산71-1,구제,양평,가남,전북,25,금요일,11,19:00:00,2022
0.16,24,11,2022,건축물화재비화,산95-1,구도,공주,진부,충남,23,수요일,11,21:50:00,2022
0.5,23,11,2022,기타,산326-29,월문,화성,흥천,경기,23,수요일,11,14:29:00,2022
1.5,21,11,2022,기타,산139,금왕,울주,둔포,경기,20,일요일,11,20:11:00,2022
0.1,20,11,2022,담뱃불실화,산129,연수,문경,하청,경기,20,일요일,11,12:58:00,2022
0.01,19,11,2022,입산자실화,산50,상왕,의령,송산,충남,19,토요일,11,16:12:00,2022
0.06,19,11,2022,기타,산54-3,노하,서천,동이,경기,19,토요일,11,10:48:00,2022
0.5,15,11,2022,입산자실화,산83,금곡,의령,남포,울산,15,화요일,11,12:24:00,2022
0.02,12,11,2022,쓰레기소각,산18,생달,경주,용주,경북,12,토요일,11,17:41:00,2022
0.4,12,11,2022,쓰레기소각,산124,산북,청송,갈말,경남,12,토요일,11,10:43:00,2022
0.01,11,11,2022,기타,산3-30,판교,보령,서,충남,11,금요일,11,12:49:00,2022
0.2,10,11,2022,입산자실화,산3,청계,과천,추부,경남,10,목요일,11,22:16:00,2022
0.03,10,11,2022,기타,산106-3,안계,김제,마령,경북,10,목요일,11,16:10:00,2022
0.5,10,11,2022,기타,산60-1,월외,고성,영귀미,경북,10,목요일,11,10:42:00,2022
0.06,10,11,2022,기타,산18-1,송학,진주,백석,충남,10,목요일,11,04:38:00,2022
0.2,08,11,2022,기타,산23,관문,완도,화도,경기,08,화요일,11,17:26:00,2022
0.02,08,11,2022,입산자실화,산9,삼봉,울주,미산,전북,08,화요일,11,12:51:00,2022
0.01,07,11,2022,건축물화재비화,산8,도전,거제,남산,경남,07,월요일,11,14:03:00,2022
0.1,07,11,2022,농산부산물소각,산56-7,운천,은평,덕양,경남,07,월요일,11,13:18:00,2022
0.05,06,11,2022,입산자실화,산503-1,총동,영양,와부,전남,06,일요일,11,15:13:00,2022
0.01,06,11,2022,입산자실화,산86-2,화산,안동,점동,울산,06,일요일,11,15:02:00,2022
0.2,06,11,2022,입산자실화,산80-94,가베,군위,간성,경남,06,일요일,11,12:50:00,2022
0.3,05,11,2022,입산자실화,산42-1,불광,유성,소초,서울,05,토요일,11,14:32:00,2022
0.8,06,11,2022,입산자실화,산51,당,기장,북내,경북,05,토요일,11,13:59:00,2022
0.02,04,11,2022,입산자실화,산217,오천,산청,방산,경북,04,금요일,11,15:21:00,2022
0.5,04,11,2022,기타,산25-1,봉산,함양,영덕,경북,04,금요일,11,07:20:00,2022
0.01,03,11,2022,기타,산53-4,성북,신안,남정,대전,03,목요일,11,13:00:00,2022
0.03,03,11,2022,농산부산물소각,595.0,청강,광산,생비량,부산,03,목요일,11,11:37:00,2022
0.01,03,11,2022,농산부산물소각,산18,양전,안동,두동,경남,03,목요일,11,09:40:00,2022
0.01,02,11,2022,기타,산72,손곡,남양주,남성,경남,02,수요일,11,18:38:00,2022
0.02,02,11,2022,쓰레기소각,89-1,가릉,포천,진상,전남,02,수요일,11,15:48:00,2022
0.02,02,11,2022,기타,산37,삼거,나주,도산,광주,02,수요일,11,15:11:00,2022
0.05,02,11,2022,입산자실화,산38-1,천지,광산,염산,경북,02,수요일,11,14:11:00,2022
1.48,02,11,2022,입산자실화,산39,용암,담양,탄현,경기,02,수요일,11,06:20:00,2022
0.03,01,11,2022,입산자실화,산190,화현,양평,광적,경기,01,화요일,11,22:00:00,2022
0.05,01,11,2022,담뱃불실화,산316-1,신광,김천,장관,전남,01,화요일,11,15:23:00,2022
0.04,30,10,2022,기타,산37,삼거,신안,사곡,광주,30,일요일,10,15:02:00,2022
0.04,30,10,2022,쓰레기소각,산45,운산,진주,진량,전남,30,일요일,10,12:47:00,2022
0.01,30,10,2022,입산자실화,119.0,반곡,합천,남,세종,30,일요일,10,07:05:00,2022
0.3,29,10,2022,입산자실화,산6,향소,거제,명석,경기,29,토요일,10,11:07:00,2022
0.01,28,10,2022,기타,산116,무안,진주,외남,경북,28,금요일,10,18:21:00,2022
0.1,28,10,2022,기타,215-8,오,정선,의신,전남,28,금요일,10,12:53:00,2022
0.1,27,10,2022,기타,산150,주악,창녕,영남,경남,27,목요일,10,12:54:00,2022
0.01,26,10,2022,농산부산물소각,산46,먹촌,영덕,판교,경남,26,수요일,10,10:39:00,2022
0.01,25,10,2022,입산자실화,산6-27,구명,순천,오수,경남,25,화요일,10,14:14:00,2022
0.01,25,10,2022,기타,산150,주악,양산,원동,경남,25,화요일,10,07:57:00,2022
0.1,22,10,2022,담뱃불실화,산64,도전,광산,석문,강원,22,토요일,10,10:20:00,2022
0.1,21,10,2022,입산자실화,산6,송현,북,조리,경남,21,금요일,10,03:14:00,2022
0.3,20,10,2022,기타,산106-2,축산,울주,풍세,경북,20,목요일,10,15:38:00,2022
0.3,20,10,2022,입산자실화,산197-1,학구,달성,탄천,전남,20,목요일,10,12:27:00,2022
0.05,20,10,2022,기타,산47-1,소석,달서,송동,경남,20,목요일,10,11:26:00,2022
0.1,19,10,2022,기타,산56-11,진곡,나주,서북,광주,19,수요일,10,15:13:00,2022
0.01,19,10,2022,입산자실화,산36-2,태전,양산,대덕,대구,19,수요일,10,13:40:00,2022
0.01,19,10,2022,입산자실화,산13,가천,삼척,화개,울산,19,수요일,10,12:38:00,2022
0.01,19,10,2022,입산자실화,산7-2,무등,양양,청천,대구,19,수요일,10,10:57:00,2022
0.01,18,10,2022,입산자실화,산38-4,본,산청,서,대구,18,화요일,10,19:02:00,2022
0.1,17,10,2022,담뱃불실화,산112,광촌,순천,동남,전남,17,월요일,10,12:41:00,2022
0.1,16,10,2022,입산자실화,산57-5,삼호,김천,금강송,경남,16,일요일,10,15:48:00,2022
0.04,02,10,2022,기타,산379,임원,원주,예안,강원,02,일요일,10,12:38:00,2022
0.01,01,10,2022,기타,산75,용천,해남,죽왕,강원,01,토요일,10,11:47:00,2022
0.01,27,09,2022,입산자실화,산69,범학,익산,오창,경남,27,화요일,09,14:52:00,2022
0.01,27,09,2022,입산자실화,산34-1,요곡,홍천,보개,전남,27,화요일,09,13:48:00,2022
0.09,27,09,2022,기타,산90,어전,완도,주덕,경북,27,화요일,09,12:46:00,2022
0.01,24,09,2022,기타,산35,학곡,남원,죽산,강원,24,토요일,09,15:23:00,2022
0.3,24,09,2022,입산자실화,산2번지외2필지,백포,부여,진원,전남,23,금요일,09,21:10:00,2022
0.2,22,09,2022,기타,산33,용화,옥천,서원,전북,22,목요일,09,16:32:00,2022
0.12,22,09,2022,기타,산34-12,자온,청양,풍양,강원,22,목요일,09,14:48:00,2022
0.1,22,09,2022,쓰레기소각,산178외2필지,총동,해남,임실,전남,22,목요일,09,14:11:00,2022
0.35,21,09,2022,입산자실화,산1-1,도룡,춘천,몽탄,전북,21,수요일,09,17:38:00,2022
0.03,21,09,2022,기타,산166-1,만지,화성,파천,충남,21,수요일,09,16:03:00,2022
0.2,15,09,2022,입산자실화,산52,용촌,산청,가야,충북,15,목요일,09,14:30:00,2022
0.1,28,07,2022,입산자실화,산18-23,적누,횡성,선남,충남,28,목요일,07,15:54:00,2022
0.3,01,04,2023,기타,산168-5,백호,화성,벌교,전남,01,토요일,04,16:40:00,2023
0.26,01,04,2023,쓰레기소각,산47,고탄,연천,송해,강원,01,토요일,04,13:44:00,2023
0.33,02,04,2023,쓰레기소각,626-2,정문,평창,옥산,경기,01,토요일,04,12:46:00,2023
0.1,01,04,2023,기타,산111,대포,포천,강진,경남,01,토요일,04,11:22:00,2023
0.7,30,03,2023,기타,산104,신대,거창,화남,강원,30,목요일,03,16:07:00,2023
0.11,30,03,2023,기타,산74-9,야목,서,금광,경기,30,목요일,03,15:00:00,2023
0.3,30,03,2023,기타,산50,상,제천,서,경기,30,목요일,03,14:39:00,2023
0.02,30,03,2023,기타,산16,하진부,화천,대강,강원,30,목요일,03,14:32:00,2023
29,03,04,2023,담뱃불실화,산25,운천,강릉,화도,경기,30,목요일,03,14:17:00,2023
0.05,30,03,2023,기타,산117-1,군암,경주,이양,경남,30,목요일,03,13:25:00,2023
0.33,30,03,2023,기타,산76-6,왕길,여주,삼계,인천,30,목요일,03,13:15:00,2023
21,31,03,2023,기타,산96-2,명도,평창,서석,충북,30,목요일,03,13:04:00,2023
68,01,04,2023,기타,산70,중,여주,남양,강원,30,목요일,03,12:47:00,2023
0.4,30,03,2023,기타,산26,동덕,아산,고수,강원,30,목요일,03,12:00:00,2023
0.7,30,03,2023,기타,158.0,일부,거제,미탄,경북,30,목요일,03,11:13:00,2023
0.02,30,03,2023,기타,산14-2,대산,당진,신서,경기,30,목요일,03,10:08:00,2023
0.3,29,03,2023,입산자실화,산16,하진부,옥천,유치,강원,29,수요일,03,16:00:00,2023
0.72,29,03,2023,농산부산물소각,산6-1,다대,보령,점암,경기,29,수요일,03,14:59:00,2023
0.01,29,03,2023,기타,산38-5,신양,합천,수곡,충남,29,수요일,03,14:45:00,2023
0.5,29,03,2023,기타,산8-6,대곡,의왕,입암,경남,29,수요일,03,13:22:00,2023
0.3,28,03,2023,쓰레기소각,산32-5,당산,철원,입암,충남,28,화요일,03,16:52:00,2023
0.1,28,03,2023,기타,산3-2,금암,철원,외산,충북,28,화요일,03,15:39:00,2023
0.04,28,03,2023,기타,1186.0,양향리,금산,산서,충남,28,화요일,03,15:12:00,2023
0.01,28,03,2023,입산자실화,산19,성산,진안,화남,경남,28,화요일,03,14:50:00,2023
0.02,28,03,2023,기타,산144,오전,홍천,신풍,경기,28,화요일,03,14:47:00,2023
0.01,28,03,2023,기타,산146,토성,양주,안흥,강원,28,화요일,03,14:45:00,2023
0.5,27,03,2023,기타,산387-1,자등,강화,신도안,강원,27,월요일,03,14:56:00,2023
0.03,27,03,2023,기타,산4-1,추정,보령,별내,충남,27,월요일,03,13:55:00,2023
1,27,03,2023,입산자실화,산124-4,덕천,포천,조안,전북,27,월요일,03,12:10:00,2023
1.2,26,03,2023,기타,산16-1,좌운,춘천,만안,강원,26,일요일,03,14:52:00,2023
0.04,26,03,2023,입산자실화,산54-1,방성,고양,왕산,경기,26,일요일,03,14:50:00,2023
22,27,03,2023,건축물화재비화,산92,동막,남양주,삼동,인천,26,일요일,03,14:45:00,2023
0.04,25,03,2023,농산부산물소각,산36-2,봉성,남양주,덕산,충남,25,토요일,03,16:49:00,2023
0.07,25,03,2023,담뱃불실화,산43-4,동교,여주,별내,경기,25,토요일,03,13:11:00,2023
0.2,24,03,2023,기타,산175,강촌,고성,보절,강원,24,금요일,03,18:12:00,2023
0.01,24,03,2023,담뱃불실화,371-15,원흥,원주,백수,경기,24,금요일,03,15:39:00,2023
0.03,24,03,2023,기타,산151,팔당,시흥,남,경기,24,금요일,03,12:10:00,2023
0.01,24,03,2023,기타,산94,지금,가평,백석,경기,24,금요일,03,11:01:00,2023
0.02,21,03,2023,기타,산3,당진,양구,진보,경기,21,화요일,03,17:49:00,2023
0.01,22,03,2023,기타,산1-2,진부,의령,백운,강원,21,화요일,03,16:26:00,2023
0.5,21,03,2023,농산부산물소각,산221,교항,영덕,물야,강원,21,화요일,03,15:17:00,2023
0.02,21,03,2023,담뱃불실화,53-6,과림,산청,일산동,경기,21,화요일,03,14:47:00,2023
5,21,03,2023,쓰레기소각,산147,적목,울주,고수,경기,21,화요일,03,14:36:00,2023
0.3,21,03,2023,기타,산6,건슬,청주 상당,지보,강원,21,화요일,03,14:27:00,2023
0.1,21,03,2023,기타,산71,죽전,광양,덕양구,경남,21,화요일,03,14:05:00,2023
0.5,21,03,2023,기타,산64,사암,안동,하빈,경북,21,화요일,03,13:52:00,2023
2,21,03,2023,기타,산114,제보,영광,덕양,경남,21,화요일,03,12:55:00,2023
1.2,21,03,2023,입산자실화,산49,삼정,파주,부북,울산,21,화요일,03,12:52:00,2023
1,21,03,2023,기타,산102,추정,양주,하청,충북,21,화요일,03,12:48:00,2023
0.3,21,03,2023,쓰레기소각,산180,황죽,기장,마령,전남,21,화요일,03,12:20:00,2023
10,21,03,2023,기타,산190,의일,공주,오부,경북,21,화요일,03,12:12:00,2023
0.1,21,03,2023,입산자실화,산90-1,야월,경산,서포,전남,21,화요일,03,11:27:00,2023
0.01,21,03,2023,기타,산53,법흥,영월,용방,경기,21,화요일,03,10:12:00,2023
0.5,18,03,2023,건축물화재비화,130-12,우고,진주,휴천,경기,17,금요일,03,21:21:00,2023
0.09,17,03,2023,쓰레기소각,산43,월평,상주,근남,부산,17,금요일,03,16:23:00,2023
0.15,17,03,2023,건축물화재비화,산57-21,신영,진도,청하,충남,17,금요일,03,05:02:00,2023
4,17,03,2023,기타,산22,아사,고흥,마천,경북,17,금요일,03,04:20:00,2023
0.05,16,03,2023,기타,산8-12,연당,서천,축동,강원,16,목요일,03,21:05:00,2023
0.5,16,03,2023,기타,산142,덕곡,부산진,진안,경남,16,목요일,03,19:13:00,2023
86,22,03,2023,기타,산84-1,혼평,임실,남지,경북,16,목요일,03,14:54:00,2023
0.3,16,03,2023,기타,산110,만길,계양,북,전남,16,목요일,03,12:18:00,2023
0.1,20,03,2023,기타,산167-14,양사,도봉,진영,전남,20,월요일,03,13:31:00,2023
0.03,20,03,2023,입산자실화,산91-8,흥림,양산,우곡,충남,20,월요일,03,13:23:00,2023
0.03,20,03,2023,기타,산42,범천,당진,진전,부산,20,월요일,03,12:50:00,2023
1,20,03,2023,기타,산110,오암,북,산내,전북,20,월요일,03,12:15:00,2023
0.01,20,03,2023,기타,산34-1,효성,파주,화도,인천,20,월요일,03,02:45:00,2023
0.02,12,03,2023,기타,산20-1,도봉,천안 동남,기린,서울,11,토요일,03,23:16:00,2023
2.96,12,03,2023,건축물화재비화,산9외1,선,공주,여량,경남,11,토요일,03,22:32:00,2023
1.3,12,03,2023,기타,177-62,난지도,남,송광,충남,11,토요일,03,20:56:00,2023
4,11,03,2023,쓰레기소각,산93,동림,남원,홍해,광주,11,토요일,03,15:36:00,2023
0.02,11,03,2023,기타,산146-16,능안,천안,유림,경기,11,토요일,03,15:35:00,2023
0.66,11,03,2023,기타,372-11,보성,안성,점동,충남,11,토요일,03,15:00:00,2023
0.4,11,03,2023,쓰레기소각,산34,운곡,하동,서신,충남,11,토요일,03,14:50:00,2023
1,11,03,2023,기타,산196-3,대명,괴산,주천,대구,11,토요일,03,14:35:00,2023
0.3,11,03,2023,쓰레기소각,산52,송기,홍천,칠성,전북,11,토요일,03,14:35:00,2023
0.1,11,03,2023,농산부산물소각,389-34,부대,천안,주왕산,충남,11,토요일,03,14:11:00,2023
0.15,11,03,2023,농산부산물소각,산31-1,대농,울진,동계,경기,11,토요일,03,14:11:00,2023
91,12,03,2023,입산자실화,산203-2,범왕,안동,군북,경남,11,토요일,03,13:24:00,2023
0.3,11,03,2023,기타,산29,지경,고성,신림,충북,11,토요일,03,12:22:00,2023
0.15,11,03,2023,기타,158-2,개야,청주 청원,남산,강원,11,토요일,03,12:03:00,2023
1.3,11,03,2023,농산부산물소각,590-1,신방,밀양,산내,충남,11,토요일,03,11:33:00,2023
0.8,06,03,2023,농산부산물소각,산79외2필지,쌍전,안성,진교,경북,06,월요일,03,17:06:00,2023
0.12,06,03,2023,입산자실화,산204,인계,충주,죽산,경북,06,월요일,03,16:49:00,2023
0.01,06,03,2023,기타,58-4,향목,안성,현곡,강원,06,월요일,03,16:29:00,2023
0.3,06,03,2023,기타,산98-1,가좌,장성,적상,충북,06,월요일,03,16:19:00,2023
0.2,06,03,2023,기타,산13-1,활성,횡성,창녕,경남,06,월요일,03,15:23:00,2023
0.5,06,03,2023,기타,산28-1,오두,고흥,임계,경기,06,월요일,03,15:18:00,2023
0.02,06,03,2023,쓰레기소각,산74-1,삼청,임실,송라,충북,06,월요일,03,15:12:00,2023
2,06,03,2023,쓰레기소각,산12-6외1필지,용설,무안,정곡,경기,06,월요일,03,14:57:00,2023
0.5,06,03,2023,기타,444-1,산동,청송,하장,전남,06,월요일,03,13:56:00,2023
0.15,06,03,2023,쓰레기소각,산129,석화,합천,갈말,강원,06,월요일,03,13:08:00,2023
0.2,06,03,2023,담뱃불실화,산99-1,풍남,성주,고대,전남,06,월요일,03,13:00:00,2023
0.4,06,03,2023,기타,산4,금성,보성,우성,전북,06,월요일,03,12:40:00,2023
0.26,06,03,2023,농산부산물소각,583.0,청용,시흥,소초,전남,06,월요일,03,11:51:00,2023
3,06,03,2023,농산부산물소각,산3,송강,강화,불갑,경북,06,월요일,03,10:18:00,2023
0.02,06,03,2023,기타,산10,치인,군산,상북,경남,06,월요일,03,09:56:00,2023
0.16,06,03,2023,건축물화재비화,547.0,문방,임실,정안,경북,06,월요일,03,00:17:00,2023
0.01,26,02,2023,기타,산5,장양,영천,설악,전남,26,일요일,02,20:31:00,2023
0.04,26,02,2023,기타,산30-6,미산,안성,갑천,경기,26,일요일,02,15:30:00,2023
0.6,26,02,2023,농산부산물소각,산132,양오,광산,팔탄,인천,26,일요일,02,14:41:00,2023
0.1,26,02,2023,농산부산물소각,산4,금성,순천,인월,전북,26,일요일,02,14:23:00,2023
0.5,26,02,2023,농산부산물소각,산69,갈담,단양,송동,전북,26,일요일,02,14:20:00,2023
2,26,02,2023,기타,산220,죽곡,남양주,음봉,경북,26,일요일,02,14:10:00,2023
0.1,26,02,2023,쓰레기소각,산76-5,현곡,화순,해리,경기,26,일요일,02,14:05:00,2023
0.02,26,02,2023,기타,산75-1,장수,임실,집현,광주,26,일요일,02,14:02:00,2023
0.03,26,02,2023,농산부산물소각,산86-19,동산,홍천,두촌,전남,26,일요일,02,13:33:00,2023
0.1,26,02,2023,기타,산35,황정,군산,동안,충북,26,일요일,02,13:27:00,2023
0.33,26,02,2023,기타,산27-5,답내,금남,영춘,경기,26,일요일,02,13:18:00,2023
0.5,26,02,2023,쓰레기소각,산60-2,구례,고흥,가평,전남,26,일요일,02,13:00:00,2023
0.2,26,02,2023,기타,346.0,삼계,고창,상전면,전북,26,일요일,02,12:50:00,2023
0.2,26,02,2023,건축물화재비화,산117,청량,동,봉성,강원,26,일요일,02,11:44:00,2023
0.02,26,02,2023,입산자실화,산67,내흥,평창,광양,전북,26,일요일,02,11:40:00,2023
0.03,26,02,2023,기타,107-2,대박,연천,도화,세종,26,일요일,02,11:26:00,2023
0.05,06,01,2023,기타,산171,양주,장흥,동남,전남,06,금요일,01,15:20:00,2023
0.03,06,01,2023,입산자실화,산9,상평,서,안흥,전북,06,금요일,01,12:45:00,2023
0.01,09,04,2023,입산자실화,산120-1,동부,고흥,점동,울산,09,일요일,04,17:16:00,2023
0.5,09,04,2023,입산자실화,산63-1,창,진주,광탄,강원,09,일요일,04,14:15:00,2023
0.01,09,04,2023,기타,산190,대광,영양,남정,경기,09,일요일,04,12:12:00,2023
0.02,08,02,2023,입산자실화,산105-2,반월,영양,대관령,전남,08,수요일,02,16:51:00,2023
0.15,08,02,2023,입산자실화,산78-1,흑석,부여,위도,대전,08,수요일,02,14:52:00,2023
0.3,08,02,2023,쓰레기소각,572.0,여호,장수,보은,전남,08,수요일,02,13:44:00,2023
0.5,08,02,2023,기타,산97,사곡,동,현산,경남,08,수요일,02,13:17:00,2023
0.05,05,07,2022,기타,산106,산해,영천,홍해,경북,05,화요일,07,16:56:00,2022
0.3,02,07,2022,입산자실화,산202-1,산해,공주,파평,경북,02,토요일,07,14:23:00,2022
0.01,21,06,2022,기타,산42-23,회성,횡성,서종,충남,21,화요일,06,16:19:00,2022
0.02,21,06,2022,기타,산8,사상,오산,사리,전북,21,화요일,06,14:18:00,2022
0.33,21,06,2022,담뱃불실화,산193,진인,계룡,가회,대구,21,화요일,06,13:54:00,2022
0.2,21,06,2022,담뱃불실화,산109,안천,남양주,옥천,경북,21,화요일,06,13:42:00,2022
0.01,21,06,2022,기타,산79,청흥,남양주,부산,충남,21,화요일,06,09:23:00,2022
0.01,20,06,2022,기타,산10,가천,안양,회천,강원,20,월요일,06,13:25:00,2022
0.01,14,06,2022,기타,산19-3,양산,강릉,청성,경기,14,화요일,06,10:45:00,2022
0.01,13,06,2022,입산자실화,4-1,용동,울주,부석,충남,13,월요일,06,05:58:00,2022
0.01,05,06,2022,입산자실화,산12,광전,제천,수륜,경기,05,일요일,06,08:42:00,2022
0.1,05,06,2022,입산자실화,산38,시우,관악,서종,경기,05,일요일,06,06:47:00,2022
0.01,04,06,2022,담뱃불실화,산11-2,석수,서,명호,경기,04,토요일,06,14:20:00,2022
0.06,04,06,2022,기타,산214-1,고단,남양주,옥천,강원,04,토요일,06,11:16:00,2022
0.2,03,06,2022,입산자실화,산268,작동,남원,진산,울산,03,금요일,06,16:54:00,2022
0.1,03,06,2022,건축물화재비화,산1-1,성암,영광,적성,충북,03,금요일,06,16:24:00,2022
0.01,03,06,2022,입산자실화,산58-5,신림,정선,겸백,서울,03,금요일,06,15:45:00,2022
